Timestamp,User Count,Type,Name,Requests/s,Failures/s,50%,66%,75%,80%,90%,95%,98%,99%,99.9%,99.99%,100%,Total Request Count,Total Failure Count,Total Median Response Time,Total Average Response Time,Total Min Response Time,Total Max Response Time,Total Average Content Size
1774769599,0,,Aggregated,0.000000,0.000000,N/A,N/A,N/A,N/A,N/A,N/A,N/A,N/A,N/A,N/A,N/A,0,0,0,0.0,0,0,0
1774769600,5,,Aggregated,0.000000,0.000000,150,150,150,160,160,160,160,160,160,160,160,5,0,150.0,148.0440445999193,123.89527399955114,159.05204599948775,0.0
1774769601,10,,Aggregated,0.000000,0.000000,280,280,280,280,280,280,280,280,280,280,280,10,0,160.0,213.50655559999723,123.89527399955114,281.07126700069784,0.0
1774769602,15,,Aggregated,0.000000,0.000000,180,180,280,280,280,280,280,280,280,280,280,15,0,180.0,201.72003006670516,123.89527399955114,281.07126700069784,0.0
1774769603,20,,Aggregated,2.500000,0.000000,180,210,210,280,280,280,280,280,280,280,280,23,0,180.0,187.27374360874504,55.96000300010928,281.07126700069784,0.0
1774769604,25,,Aggregated,3.333333,0.000000,200,210,220,220,280,280,280,280,280,280,280,30,0,180.0,191.1135206667192,55.96000300010928,281.07126700069784,0.0
1774769605,30,,Aggregated,3.750000,0.000000,200,220,220,220,280,280,280,280,280,280,280,39,0,200.0,187.68068279489222,55.96000300010928,281.07126700069784,0.0
1774769606,35,,Aggregated,4.600000,0.000000,210,220,220,220,280,280,280,280,280,280,280,45,0,210.0,187.9707797333443,55.034219999470224,281.07126700069784,0.0
1774769607,40,,Aggregated,5.000000,0.000000,210,220,220,220,260,280,280,280,280,280,280,52,0,210.0,190.91976301923262,53.398559000015666,281.07126700069784,0.0
1774769608,45,,Aggregated,5.571429,0.000000,220,220,250,260,260,280,280,280,280,280,280,59,0,220.0,195.70473799997717,53.398559000015666,281.07126700069784,0.0
1774769609,50,,Aggregated,5.625000,0.000000,220,220,240,250,260,280,280,280,280,280,280,66,0,220.0,195.20903460603,53.272664999894914,281.07126700069784,0.0
1774769610,55,,Aggregated,5.777778,0.000000,220,220,250,260,260,280,280,280,280,280,280,74,0,220.0,196.53168555401322,53.272664999894914,281.07126700069784,0.0
1774769611,55,,Aggregated,5.900000,0.000000,220,220,250,250,260,280,280,280,280,280,280,77,0,220.0,193.3646685454189,53.272664999894914,281.07126700069784,0.0
1774769612,55,,Aggregated,6.600000,0.000000,220,220,250,250,260,280,280,280,280,280,280,80,0,210.0,188.79500741246602,43.29935599980672,281.07126700069784,0.0
1774769613,55,,Aggregated,6.900000,0.000000,210,220,240,250,260,280,280,280,280,280,280,85,0,210.0,184.9514371764278,25.284843999543227,281.07126700069784,0.0
1774769614,55,,Aggregated,6.700000,0.000000,210,220,240,250,260,280,280,280,280,280,280,88,0,200.0,183.2620834885988,25.284843999543227,281.07126700069784,0.0
1774769616,55,,Aggregated,6.500000,0.000000,200,220,240,250,260,280,280,280,280,280,280,90,0,190.0,182.76623955552066,25.284843999543227,281.07126700069784,0.0
1774769617,55,,Aggregated,6.200000,0.000000,190,220,240,250,260,280,280,280,280,280,280,91,0,190.0,182.20705303293062,25.284843999543227,281.07126700069784,0.0
1774769618,55,,Aggregated,5.800000,0.000000,190,220,240,250,260,280,280,280,280,280,280,92,0,180.0,180.4377576412682,19.431876999988162,281.07126700069784,0.0
1774769619,55,,Aggregated,5.800000,0.000000,190,220,240,250,260,280,280,280,280,280,280,92,0,180.0,180.4377576412682,19.431876999988162,281.07126700069784,0.0
1774769620,55,,Aggregated,4.600000,0.000000,180,220,240,250,260,280,280,280,280,280,280,93,0,180.0,180.3023914408186,19.431876999988162,281.07126700069784,0.0
1774769621,55,,Aggregated,4.600000,0.000000,180,220,240,250,260,280,280,280,280,280,280,93,0,180.0,180.3023914408186,19.431876999988162,281.07126700069784,0.0
1774769622,55,,Aggregated,3.300000,0.000000,180,220,240,250,260,280,280,280,280,280,280,94,0,180.0,178.60993973401028,19.431876999988162,281.07126700069784,0.0
1774769623,55,,Aggregated,2.700000,0.000000,180,220,240,250,260,280,280,280,280,280,280,95,0,180.0,178.30623714732945,19.431876999988162,281.07126700069784,0.0
1774769624,55,,Aggregated,1.900000,0.000000,180,220,240,250,260,280,280,280,280,280,280,98,0,180.0,176.39544495914936,18.099793000146747,281.07126700069784,0.0
1774769625,55,,Aggregated,1.700000,0.000000,180,220,220,250,260,260,280,280,280,280,280,102,0,180.0,172.488300186258,18.099793000146747,281.07126700069784,0.0
1774769626,55,,Aggregated,1.500000,0.000000,180,220,220,240,260,260,280,280,280,280,280,107,0,180.0,170.87958385978266,18.099793000146747,281.07126700069784,0.0
1774769627,55,,Aggregated,1.300000,0.000000,180,220,220,240,260,260,280,280,280,280,280,110,0,170.0,169.59037289996724,18.099793000146747,281.07126700069784,0.0
1774769628,55,,Aggregated,1.400000,0.000000,170,220,220,240,260,260,280,280,280,280,280,113,0,170.0,167.55023854863543,18.099793000146747,281.07126700069784,0.0
1774769629,55,,Aggregated,1.700000,0.000000,170,220,220,240,260,260,280,280,280,280,280,117,0,170.0,163.64036628201418,17.49061400005303,281.07126700069784,0.0
1774769630,55,,Aggregated,1.900000,0.000000,170,210,220,220,260,260,280,280,280,280,280,126,0,170.0,156.6018052460008,10.973274999741989,281.07126700069784,0.0
1774769631,55,,Aggregated,2.100000,0.000000,170,200,220,220,260,260,280,280,280,280,280,131,0,170.0,155.85865932058118,10.973274999741989,281.07126700069784,0.0
1774769632,55,,Aggregated,2.500000,0.000000,160,190,220,220,260,260,280,280,280,280,280,136,0,160.0,154.86171754408883,10.973274999741989,281.07126700069784,0.0
1774769633,55,,Aggregated,3.300000,0.000000,160,190,220,220,260,260,280,280,280,280,280,138,0,160.0,153.1999894130132,10.973274999741989,281.07126700069784,0.0
1774769634,55,,Aggregated,3.800000,0.000000,160,180,220,220,260,260,280,280,280,280,280,142,0,160.0,152.85326711968798,10.973274999741989,281.07126700069784,0.0
1774769635,55,,Aggregated,4.200000,0.000000,160,180,220,220,260,260,280,280,280,280,280,143,0,160.0,151.924536790181,10.973274999741989,281.07126700069784,0.0
1774769636,55,,Aggregated,4.300000,0.000000,160,180,220,220,260,260,280,280,280,280,280,145,0,160.0,152.16355559997314,10.973274999741989,281.07126700069784,0.0
1774769637,55,,Aggregated,4.400000,0.000000,160,180,220,220,260,260,280,280,280,280,280,148,0,160.0,150.58695713510994,10.973274999741989,281.07126700069784,0.0
1774769638,55,,Aggregated,4.100000,0.000000,160,180,220,220,260,260,280,280,280,280,280,150,0,160.0,149.89402061331324,10.973274999741989,281.07126700069784,0.0
1774769639,55,,Aggregated,3.800000,0.000000,160,180,220,220,250,260,280,280,280,280,280,151,0,160.0,150.00442932448294,10.973274999741989,281.07126700069784,0.0
1774769640,55,,Aggregated,3.800000,0.000000,160,180,220,220,250,260,280,280,280,280,280,152,0,160.0,149.13062889471755,10.973274999741989,281.07126700069784,0.0
1774769641,55,,Aggregated,3.700000,0.000000,160,180,220,220,250,260,280,280,280,280,280,153,0,160.0,149.31021847057303,10.973274999741989,281.07126700069784,0.0
1774769642,55,,Aggregated,3.400000,0.000000,160,180,220,220,250,260,280,280,280,280,280,154,0,160.0,148.41700309738985,10.973274999741989,281.07126700069784,0.0
1774769643,55,,Aggregated,3.400000,0.000000,160,180,220,220,250,260,280,280,280,280,280,154,0,160.0,148.41700309738985,10.973274999741989,281.07126700069784,0.0
1774769644,55,,Aggregated,2.200000,0.000000,160,180,220,220,250,260,280,280,280,280,280,155,0,160.0,148.47022229675912,10.973274999741989,281.07126700069784,0.0
1774769645,55,,Aggregated,2.200000,0.000000,160,180,220,220,250,260,280,280,280,280,280,155,0,160.0,148.47022229675912,10.973274999741989,281.07126700069784,0.0
1774769646,55,,Aggregated,1.600000,0.000000,160,180,220,220,250,260,280,280,280,280,280,156,0,160.0,147.6045454487051,10.973274999741989,281.07126700069784,0.0
1774769647,55,,Aggregated,1.300000,0.000000,160,180,220,220,250,260,280,280,280,280,280,157,0,160.0,147.86720082801293,10.973274999741989,281.07126700069784,0.0
1774769648,55,,Aggregated,1.200000,0.000000,160,180,220,220,250,260,280,280,280,280,280,158,0,160.0,147.06053390505133,10.973274999741989,281.07126700069784,0.0
1774769649,55,,Aggregated,1.200000,0.000000,160,180,220,220,250,260,280,280,280,280,280,158,0,160.0,147.06053390505133,10.973274999741989,281.07126700069784,0.0
1774769650,55,,Aggregated,0.900000,0.000000,160,180,210,220,250,260,280,280,280,280,280,161,0,160.0,145.5337670372529,10.973274999741989,281.07126700069784,0.0
1774769651,55,,Aggregated,0.900000,0.000000,160,180,210,220,250,260,280,280,280,280,280,161,0,160.0,145.5337670372529,10.973274999741989,281.07126700069784,0.0
1774769652,55,,Aggregated,0.700000,0.000000,160,180,210,220,250,260,280,280,280,280,280,166,0,160.0,143.29729539155,10.973274999741989,281.07126700069784,0.0
1774769653,55,,Aggregated,0.900000,0.000000,160,180,210,220,250,260,280,280,280,280,280,167,0,160.0,143.44463916165955,10.973274999741989,281.07126700069784,0.0
1774769654,55,,Aggregated,0.800000,0.000000,160,180,210,220,250,260,280,280,280,280,280,169,0,160.0,143.66728676921508,10.973274999741989,281.07126700069784,0.0
1774769655,55,,Aggregated,1.200000,0.000000,160,180,210,220,250,260,280,280,280,280,280,171,0,160.0,142.21772891226982,10.973274999741989,281.07126700069784,0.0
1774769656,55,,Aggregated,1.400000,0.000000,160,180,210,220,250,260,280,280,280,280,280,176,0,160.0,140.49833685226076,10.973274999741989,281.07126700069784,0.0
1774769657,55,,Aggregated,1.400000,0.000000,160,180,200,220,250,260,280,280,280,280,280,179,0,160.0,140.0496165586487,10.973274999741989,281.07126700069784,0.0
1774769658,55,,Aggregated,1.600000,0.000000,160,180,190,220,250,260,280,280,280,280,280,182,0,160.0,139.5323046922985,10.973274999741989,281.07126700069784,0.0
1774769659,55,,Aggregated,1.900000,0.000000,160,180,190,220,250,260,280,280,280,280,280,183,0,160.0,138.87395245354605,10.973274999741989,281.07126700069784,0.0
1774769660,55,,Aggregated,2.200000,0.000000,160,180,190,220,250,260,280,280,280,280,280,184,0,160.0,139.06510895651536,10.973274999741989,281.07126700069784,0.0
1774769661,55,,Aggregated,2.400000,0.000000,160,180,190,220,250,260,280,280,280,280,280,185,0,160.0,139.2313139026973,10.973274999741989,281.07126700069784,0.0
1774769662,55,,Aggregated,2.400000,0.000000,160,180,190,220,250,260,280,280,280,280,280,185,0,160.0,139.2313139026973,10.973274999741989,281.07126700069784,0.0
1774769663,55,,Aggregated,2.400000,0.000000,160,180,190,220,250,260,280,280,280,280,280,185,0,160.0,139.2313139026973,10.973274999741989,281.07126700069784,0.0
1774769664,55,,Aggregated,2.400000,0.000000,160,180,190,220,250,260,280,280,280,280,280,185,0,160.0,139.2313139026973,10.973274999741989,281.07126700069784,0.0
1774769665,55,,Aggregated,2.400000,0.000000,160,180,190,220,250,260,280,280,280,280,280,185,0,160.0,139.2313139026973,10.973274999741989,281.07126700069784,0.0
1774769666,55,,Aggregated,1.800000,0.000000,160,180,190,220,250,260,280,280,280,280,280,186,0,160.0,138.59390847311036,10.973274999741989,281.07126700069784,0.0
1774769667,55,,Aggregated,1.800000,0.000000,160,180,190,220,250,260,280,280,280,280,280,186,0,160.0,138.59390847311036,10.973274999741989,281.07126700069784,0.0
1774769668,55,,Aggregated,1.400000,0.000000,160,180,190,220,250,260,280,280,280,280,280,187,0,160.0,138.77313582352485,10.973274999741989,281.07126700069784,0.0
1774769669,55,,Aggregated,1.400000,0.000000,160,180,190,220,250,260,280,280,280,280,280,187,0,160.0,138.77313582352485,10.973274999741989,281.07126700069784,0.0
1774769670,55,,Aggregated,1.400000,0.000000,160,180,190,220,250,260,280,280,280,280,280,187,0,160.0,138.77313582352485,10.973274999741989,281.07126700069784,0.0
1774769671,55,,Aggregated,1.400000,0.000000,160,180,190,220,250,260,280,280,280,280,280,187,0,160.0,138.77313582352485,10.973274999741989,281.07126700069784,0.0
1774769672,55,,Aggregated,1.400000,0.000000,160,180,190,220,250,260,280,280,280,280,280,187,0,160.0,138.77313582352485,10.973274999741989,281.07126700069784,0.0
1774769673,55,,Aggregated,1.400000,0.000000,160,180,190,220,250,260,280,280,280,280,280,187,0,160.0,138.77313582352485,10.973274999741989,281.07126700069784,0.0
1774769674,55,,Aggregated,1.400000,0.000000,160,180,190,220,250,260,280,280,280,280,280,187,0,160.0,138.77313582352485,10.973274999741989,281.07126700069784,0.0
1774769675,55,,Aggregated,1.400000,0.000000,160,180,190,220,250,260,280,280,280,280,280,187,0,160.0,138.77313582352485,10.973274999741989,281.07126700069784,0.0
1774769676,55,,Aggregated,1.400000,0.000000,160,180,190,220,250,260,280,280,280,280,280,187,0,160.0,138.77313582352485,10.973274999741989,281.07126700069784,0.0
1774769677,55,,Aggregated,0.200000,0.000000,160,180,190,220,250,260,280,280,280,280,280,188,0,160.0,138.4796086861696,10.973274999741989,281.07126700069784,0.0
1774769678,55,,Aggregated,0.200000,0.000000,160,180,190,220,250,260,280,280,280,280,280,190,0,160.0,137.94930182631632,10.973274999741989,281.07126700069784,0.0
1774769679,55,,Aggregated,0.200000,0.000000,160,180,190,220,250,260,280,280,280,280,280,191,0,160.0,137.30950477487215,10.973274999741989,281.07126700069784,0.0
1774769680,55,,Aggregated,0.200000,0.000000,160,180,190,220,250,260,280,280,280,280,280,192,0,160.0,137.33620329167215,10.973274999741989,281.07126700069784,0.0
1774769681,55,,Aggregated,0.300000,0.000000,160,180,190,220,250,260,280,280,280,280,280,194,0,160.0,136.85679559793965,10.973274999741989,281.07126700069784,0.0
1774769682,55,,Aggregated,0.300000,0.000000,160,180,190,220,250,260,280,280,280,280,280,195,0,160.0,136.6302593641031,10.973274999741989,281.07126700069784,0.0
1774769683,55,,Aggregated,0.700000,0.000000,160,180,190,220,250,260,280,280,280,280,280,198,0,160.0,136.24168286363636,10.973274999741989,281.07126700069784,0.0
1774769684,55,,Aggregated,0.700000,0.000000,160,180,190,220,250,260,280,280,280,280,280,200,0,160.0,135.82525083999826,10.973274999741989,281.07126700069784,0.0
1774769685,55,,Aggregated,0.900000,0.000000,160,180,190,220,250,260,280,280,280,280,280,204,0,160.0,136.35759099510074,10.973274999741989,281.07126700069784,0.0
1774769686,55,,Aggregated,0.900000,0.000000,160,180,190,220,250,260,280,280,280,280,280,205,0,160.0,136.61237359024753,10.973274999741989,281.07126700069784,0.0
1774769687,55,,Aggregated,1.300000,0.000000,160,180,190,220,250,260,280,280,280,280,280,206,0,160.0,136.2605254951508,10.973274999741989,281.07126700069784,0.0
1774769688,55,,Aggregated,1.600000,0.000000,160,180,190,220,250,260,280,280,280,280,280,207,0,160.0,136.39350553140778,10.973274999741989,281.07126700069784,0.0
1774769689,55,,Aggregated,1.800000,0.000000,160,180,190,220,250,260,280,280,280,280,280,208,0,160.0,135.82892661058239,10.973274999741989,281.07126700069784,0.0
1774769690,55,,Aggregated,1.800000,0.000000,160,180,190,220,250,260,280,280,280,280,280,209,0,160.0,136.09098749761282,10.973274999741989,281.07126700069784,0.0
1774769691,55,,Aggregated,1.800000,0.000000,160,180,190,210,240,260,280,280,280,280,280,211,0,160.0,135.16415352607243,10.973274999741989,281.07126700069784,0.0
1774769692,55,,Aggregated,1.800000,0.000000,160,180,190,210,240,260,280,280,280,280,280,212,0,160.0,135.39470268868703,10.973274999741989,281.07126700069784,0.0
1774769693,55,,Aggregated,1.700000,0.000000,160,180,190,210,240,260,280,280,280,280,280,213,0,160.0,135.68439570892497,10.973274999741989,281.07126700069784,0.0
1774769694,55,,Aggregated,1.600000,0.000000,160,180,190,210,240,260,280,280,280,280,280,214,0,160.0,135.13274569159051,10.973274999741989,281.07126700069784,0.0
1774769695,55,,Aggregated,1.700000,0.000000,160,180,190,210,240,260,280,280,280,280,280,216,0,160.0,134.42693789814982,10.973274999741989,281.07126700069784,0.0
1774769696,55,,Aggregated,1.700000,0.000000,160,180,190,210,240,260,280,280,280,280,280,217,0,160.0,134.69971757143037,10.973274999741989,281.07126700069784,0.0
1774769697,55,,Aggregated,1.400000,0.000000,160,180,190,210,240,260,280,280,280,280,280,219,0,160.0,135.11609794977838,10.973274999741989,281.07126700069784,0.0
1774769698,55,,Aggregated,1.200000,0.000000,160,180,190,210,240,260,280,280,280,280,280,220,0,160.0,134.61043507727894,10.973274999741989,281.07126700069784,0.0
1774769699,55,,Aggregated,1.200000,0.000000,160,180,190,210,240,260,280,280,280,280,280,221,0,160.0,134.91606781448502,10.973274999741989,281.07126700069784,0.0
1774769700,55,,Aggregated,1.300000,0.000000,160,180,190,210,240,260,280,280,280,280,280,222,0,160.0,134.4000656846908,10.973274999741989,281.07126700069784,0.0
1774769701,55,,Aggregated,1.300000,0.000000,160,180,190,210,240,260,280,280,280,280,280,225,0,160.0,133.82046760445115,10.973274999741989,281.07126700069784,0.0
1774769702,55,,Aggregated,1.300000,0.000000,160,180,190,210,240,260,280,280,280,280,280,229,0,160.0,133.32339200000737,10.973274999741989,281.07126700069784,0.0
1774769703,55,,Aggregated,1.400000,0.000000,160,180,190,210,240,260,280,280,280,280,280,232,0,160.0,133.24427026293898,10.973274999741989,281.07126700069784,0.0
1774769704,55,,Aggregated,1.600000,0.000000,160,180,190,200,240,260,280,280,280,280,280,237,0,160.0,132.82592774261818,10.973274999741989,281.07126700069784,0.0
1774769705,55,,Aggregated,1.600000,0.000000,160,180,190,200,240,260,280,280,280,280,280,238,0,160.0,133.11477213025353,10.973274999741989,281.07126700069784,0.0
1774769706,55,,Aggregated,1.700000,0.000000,160,180,190,200,240,260,280,280,280,280,280,240,0,160.0,132.86160201666917,10.973274999741989,281.07126700069784,0.0
1774769707,55,,Aggregated,2.100000,0.000000,160,180,190,200,240,260,280,280,280,280,280,241,0,160.0,133.31842621991882,10.973274999741989,281.07126700069784,0.0
1774769708,55,,Aggregated,2.300000,0.000000,160,180,190,200,240,260,280,280,280,280,280,245,0,160.0,132.6393990898006,10.973274999741989,281.07126700069784,0.0
1774769709,55,,Aggregated,2.200000,0.000000,160,180,190,200,240,260,280,280,280,280,280,248,0,160.0,131.97043592339057,10.973274999741989,281.07126700069784,0.0
1774769710,55,,Aggregated,2.200000,0.000000,160,180,190,200,240,260,280,280,280,280,280,249,0,160.0,132.3082281044235,10.973274999741989,281.07126700069784,0.0
1774769711,55,,Aggregated,2.300000,0.000000,160,180,190,200,240,260,260,280,280,280,280,253,0,160.0,131.97073298419588,10.973274999741989,281.07126700069784,0.0
1774769712,55,,Aggregated,2.600000,0.000000,160,180,190,200,240,260,260,280,280,280,280,256,0,160.0,131.9040585625082,10.973274999741989,281.07126700069784,0.0
1774769713,55,,Aggregated,2.900000,0.000000,160,180,190,200,240,260,260,280,280,280,280,260,0,160.0,130.75022085385731,10.973274999741989,281.07126700069784,0.0
1774769714,55,,Aggregated,2.800000,0.000000,160,180,190,200,240,260,260,280,280,280,280,264,0,160.0,130.5810024734979,10.973274999741989,281.07126700069784,0.0
1774769715,55,,Aggregated,2.800000,0.000000,160,180,190,200,240,260,260,280,280,280,280,265,0,160.0,130.82562542642577,10.973274999741989,281.07126700069784,0.0
1774769716,55,,Aggregated,2.700000,0.000000,160,180,190,200,240,260,260,280,280,280,280,270,0,160.0,130.9178498777867,10.973274999741989,281.07126700069784,0.0
1774769717,55,,Aggregated,2.700000,0.000000,160,180,190,200,220,260,260,280,280,280,280,271,0,160.0,130.5132154501939,10.973274999741989,281.07126700069784,0.0
1774769718,55,,Aggregated,2.700000,0.000000,160,180,190,200,220,260,260,280,280,280,280,275,0,160.0,129.54481654546478,10.973274999741989,281.07126700069784,0.0
1774769719,55,,Aggregated,2.900000,0.000000,160,180,190,200,220,260,260,280,280,280,280,279,0,160.0,129.6018002222323,10.973274999741989,281.07126700069784,0.0
1774769720,55,,Aggregated,3.100000,0.000000,160,180,190,200,220,260,260,280,280,280,280,282,0,160.0,129.70904616667156,10.973274999741989,281.07126700069784,0.0
1774769721,55,,Aggregated,3.100000,0.000000,160,180,190,200,220,260,260,280,280,280,280,284,0,160.0,129.60635211620172,10.973274999741989,281.07126700069784,0.0
1774769722,55,,Aggregated,3.100000,0.000000,160,180,190,200,220,260,260,280,280,280,280,286,0,160.0,128.82473615384893,10.973274999741989,281.07126700069784,0.0
1774769723,55,,Aggregated,3.000000,0.000000,160,180,190,200,220,260,260,280,280,280,280,292,0,160.0,128.7598386095926,10.973274999741989,281.07126700069784,0.0
1774769724,55,,Aggregated,3.000000,0.000000,160,180,190,200,220,260,260,280,280,280,280,293,0,160.0,128.3740549180898,10.973274999741989,281.07126700069784,0.0
1774769725,55,,Aggregated,3.000000,0.000000,160,180,190,200,220,260,260,280,280,280,280,297,0,160.0,127.79254912458127,10.973274999741989,281.07126700069784,0.0
1774769726,55,,Aggregated,3.300000,0.000000,150,180,190,200,220,260,260,280,280,280,280,300,0,150.0,127.14717125333361,10.973274999741989,281.07126700069784,0.0
1774769727,55,,Aggregated,3.100000,0.000000,150,180,190,200,220,250,260,280,280,280,280,302,0,150.0,127.32305636755214,10.973274999741989,281.07126700069784,0.0
1774769728,55,,Aggregated,3.200000,0.000000,150,180,190,200,220,250,260,280,280,280,280,303,0,150.0,127.45353371947174,10.973274999741989,281.07126700069784,0.0
1774769729,55,,Aggregated,3.300000,0.000000,150,180,190,200,220,250,260,280,280,280,280,304,0,150.0,127.08350807894487,10.973274999741989,281.07126700069784,0.0
1774769730,55,,Aggregated,3.200000,0.000000,150,180,190,200,220,250,260,280,280,280,280,305,0,150.0,127.2780341770471,10.973274999741989,281.07126700069784,0.0
1774769731,55,,Aggregated,2.900000,0.000000,150,180,190,200,220,250,260,280,280,280,280,306,0,150.0,126.91950645751669,10.973274999741989,281.07126700069784,0.0
1774769732,55,,Aggregated,2.500000,0.000000,150,170,190,200,220,250,260,280,280,280,280,309,0,150.0,125.89374779611961,10.973274999741989,281.07126700069784,0.0
1774769733,55,,Aggregated,2.300000,0.000000,150,180,190,200,220,250,260,280,280,280,280,313,0,150.0,126.0562678562332,10.973274999741989,281.07126700069784,0.0
1774769734,55,,Aggregated,2.300000,0.000000,150,180,190,200,220,250,260,280,280,280,280,315,0,150.0,126.40243109206726,10.973274999741989,281.07126700069784,0.0
1774769735,55,,Aggregated,2.300000,0.000000,150,180,190,200,220,250,260,280,280,280,280,315,0,150.0,126.40243109206726,10.973274999741989,281.07126700069784,0.0
1774769736,55,,Aggregated,2.100000,0.000000,150,180,190,200,220,250,260,280,280,280,280,318,0,150.0,125.36344355660863,10.973274999741989,281.07126700069784,0.0
1774769737,55,,Aggregated,1.800000,0.000000,150,180,190,200,220,250,260,280,280,280,280,320,0,150.0,125.15352665625414,10.973274999741989,281.07126700069784,0.0
1774769738,55,,Aggregated,1.800000,0.000000,150,180,190,190,220,250,260,280,280,280,280,323,0,150.0,125.17354334365841,10.973274999741989,281.07126700069784,0.0
1774769739,55,,Aggregated,1.700000,0.000000,150,180,190,190,220,250,260,280,280,280,280,328,0,150.0,124.59619099695928,10.973274999741989,281.07126700069784,0.0
1774769740,55,,Aggregated,1.700000,0.000000,150,170,190,190,220,250,260,280,280,280,280,330,0,150.0,124.35530695455589,10.973274999741989,281.07126700069784,0.0
1774769741,55,,Aggregated,2.200000,0.000000,150,180,190,190,220,250,260,280,280,280,280,334,0,150.0,124.50907723353987,10.973274999741989,281.07126700069784,0.0
1774769742,55,,Aggregated,2.500000,0.000000,150,180,190,190,220,250,260,280,280,280,280,337,0,150.0,124.07152345697874,10.973274999741989,281.07126700069784,0.0
1774769743,55,,Aggregated,2.700000,0.000000,150,170,190,190,220,250,260,280,280,280,280,340,0,150.0,123.53528199706113,10.973274999741989,281.07126700069784,0.0
1774769744,55,,Aggregated,2.800000,0.000000,150,170,180,190,220,250,260,280,280,280,280,345,0,150.0,122.95273633043625,10.973274999741989,281.07126700069784,0.0
1774769745,55,,Aggregated,2.700000,0.000000,150,170,180,190,220,250,260,280,280,280,280,348,0,150.0,122.91210266666842,10.973274999741989,281.07126700069784,0.0
1774769746,55,,Aggregated,2.800000,0.000000,150,170,180,190,220,250,260,280,280,280,280,352,0,150.0,122.4626583721586,10.973274999741989,281.07126700069784,0.0
1774769747,55,,Aggregated,3.100000,0.000000,150,170,180,190,220,250,260,280,280,280,280,356,0,150.0,122.55617631741556,10.973274999741989,281.07126700069784,0.0
1774769748,55,,Aggregated,3.100000,0.000000,150,170,180,190,220,250,260,280,280,280,280,356,0,150.0,122.55617631741556,10.973274999741989,281.07126700069784,0.0
1774769749,55,,Aggregated,3.200000,0.000000,150,170,180,190,220,250,260,280,280,280,280,358,0,150.0,122.43847984916239,10.973274999741989,281.07126700069784,0.0
1774769750,55,,Aggregated,3.600000,0.000000,150,170,180,190,220,250,260,280,280,280,280,360,0,150.0,122.31604420555868,10.973274999741989,281.07126700069784,0.0
1774769751,55,,Aggregated,3.200000,0.000000,150,170,180,190,220,250,260,280,280,280,280,361,0,150.0,122.02655009141658,10.973274999741989,281.07126700069784,0.0
1774769752,55,,Aggregated,3.000000,0.000000,150,170,180,190,220,250,260,280,280,280,280,366,0,150.0,120.97754467213534,10.973274999741989,281.07126700069784,0.0
1774769753,55,,Aggregated,2.700000,0.000000,150,170,180,190,220,250,260,280,280,280,280,370,0,150.0,121.94112550540848,10.973274999741989,281.07126700069784,0.0
1774769754,55,,Aggregated,2.800000,0.000000,150,170,180,190,220,250,260,280,280,280,280,372,0,150.0,121.8327481075282,10.973274999741989,281.07126700069784,0.0
1774769755,55,,Aggregated,2.900000,0.000000,150,170,180,190,220,250,260,280,280,280,280,374,0,150.0,121.64482657486676,10.973274999741989,281.07126700069784,0.0
1774769756,55,,Aggregated,2.800000,0.000000,150,170,180,190,220,250,260,280,780,780,780,376,0,150.0,123.10941080053009,10.973274999741989,782.860141999663,0.0
1774769757,55,,Aggregated,2.800000,0.000000,150,170,180,190,220,250,260,280,780,780,780,376,0,150.0,123.10941080053009,10.973274999741989,782.860141999663,0.0
1774769758,55,,Aggregated,2.400000,0.000000,150,170,180,190,220,250,260,280,780,780,780,377,0,150.0,123.23841721485252,10.973274999741989,782.860141999663,0.0
1774769759,55,,Aggregated,2.400000,0.000000,150,170,180,190,220,250,260,280,780,780,780,378,0,150.0,123.03866413756421,10.973274999741989,782.860141999663,0.0
1774769760,55,,Aggregated,2.000000,0.000000,150,170,180,190,220,250,260,280,780,780,780,380,0,150.0,122.88003399473718,10.973274999741989,782.860141999663,0.0
1774769761,55,,Aggregated,2.000000,0.000000,150,170,180,190,220,250,260,280,780,780,780,382,0,150.0,122.71866448952967,10.973274999741989,782.860141999663,0.0
1774769762,55,,Aggregated,1.900000,0.000000,150,170,180,190,220,250,260,280,780,780,780,385,0,150.0,122.30660408831564,10.973274999741989,782.860141999663,0.0
1774769763,55,,Aggregated,1.900000,0.000000,150,170,180,190,220,250,260,280,780,780,780,386,0,150.0,122.40952153886545,10.973274999741989,782.860141999663,0.0
1774769764,55,,Aggregated,2.000000,0.000000,150,170,180,190,220,250,260,280,780,780,780,389,0,150.0,122.02337142931253,10.973274999741989,782.860141999663,0.0
1774769765,55,,Aggregated,1.800000,0.000000,150,170,180,190,220,250,260,280,780,780,780,392,0,150.0,121.68464942347475,10.973274999741989,782.860141999663,0.0
1774769766,55,,Aggregated,1.800000,0.000000,150,170,180,190,220,250,260,280,780,780,780,396,0,150.0,121.42899675253223,10.973274999741989,782.860141999663,0.0
1774769767,55,,Aggregated,1.700000,0.000000,150,170,180,190,220,250,260,280,780,780,780,398,0,150.0,121.34468107287098,10.973274999741989,782.860141999663,0.0
1774769768,55,,Aggregated,1.800000,0.000000,150,170,180,190,220,250,260,280,780,780,780,401,0,150.0,121.71403990025527,10.973274999741989,782.860141999663,0.0
1774769769,55,,Aggregated,1.800000,0.000000,150,170,180,190,220,250,260,280,780,780,780,401,0,150.0,121.71403990025527,10.973274999741989,782.860141999663,0.0
1774769770,55,,Aggregated,2.500000,0.000000,150,170,180,190,220,250,260,280,780,780,780,403,0,150.0,121.19777895782305,10.973274999741989,782.860141999663,0.0
1774769771,55,,Aggregated,2.300000,0.000000,150,170,180,190,220,250,260,280,780,780,780,405,0,150.0,120.68947402222864,10.973274999741989,782.860141999663,0.0
1774769772,55,,Aggregated,2.200000,0.000000,150,170,180,190,220,250,260,280,780,780,780,408,0,150.0,121.03381046569318,10.973274999741989,782.860141999663,0.0
1774769773,55,,Aggregated,2.200000,0.000000,150,170,180,190,220,250,260,280,780,780,780,411,0,150.0,120.67049051338937,10.973274999741989,782.860141999663,0.0
1774769774,55,,Aggregated,2.200000,0.000000,150,170,180,190,220,250,260,280,780,780,780,414,0,150.0,120.72316200000505,10.973274999741989,782.860141999663,0.0
1774769775,55,,Aggregated,2.200000,0.000000,150,170,180,190,220,250,260,280,780,780,780,415,0,150.0,120.85962198072966,10.973274999741989,782.860141999663,0.0
1774769776,55,,Aggregated,2.200000,0.000000,150,170,180,190,220,250,260,280,780,780,780,415,0,150.0,120.85962198072966,10.973274999741989,782.860141999663,0.0
1774769777,55,,Aggregated,2.400000,0.000000,150,170,180,190,220,250,260,280,780,780,780,418,0,150.0,120.1994906076612,10.973274999741989,782.860141999663,0.0
1774769778,55,,Aggregated,1.900000,0.000000,150,170,180,190,220,250,260,280,780,780,780,421,0,150.0,120.21827985748752,10.973274999741989,782.860141999663,0.0
1774769779,55,,Aggregated,1.900000,0.000000,150,170,180,190,220,250,260,280,780,780,780,423,0,150.0,120.45153492908436,10.973274999741989,782.860141999663,0.0
1774769780,55,,Aggregated,1.800000,0.000000,150,170,180,190,220,250,260,280,780,780,780,424,0,150.0,120.29511641274114,10.973274999741989,782.860141999663,0.0
1774769781,55,,Aggregated,1.800000,0.000000,150,170,180,190,220,250,260,280,780,780,780,424,0,150.0,120.29511641274114,10.973274999741989,782.860141999663,0.0
1774769782,55,,Aggregated,2.200000,0.000000,150,170,180,190,220,250,260,280,780,780,780,425,0,150.0,120.48526500471138,10.973274999741989,782.860141999663,0.0
1774769783,55,,Aggregated,2.000000,0.000000,150,170,180,190,220,250,260,280,780,780,780,427,0,150.0,120.00040700468695,10.973274999741989,782.860141999663,0.0
1774769784,55,,Aggregated,2.000000,0.000000,150,170,180,190,220,250,260,280,780,780,780,427,0,150.0,120.00040700468695,10.973274999741989,782.860141999663,0.0
1774769785,55,,Aggregated,1.500000,0.000000,150,170,180,190,220,250,260,280,780,780,780,431,0,150.0,119.78217026450446,10.973274999741989,782.860141999663,0.0
1774769786,55,,Aggregated,1.500000,0.000000,150,170,180,190,220,250,260,280,780,780,780,432,0,150.0,119.53487130787406,10.973274999741989,782.860141999663,0.0
1774769787,55,,Aggregated,1.400000,0.000000,150,170,180,190,220,250,260,280,780,780,780,435,0,150.0,120.00770360919815,10.973274999741989,782.860141999663,0.0
1774769788,55,,Aggregated,1.300000,0.000000,150,170,180,190,220,250,260,280,780,780,780,436,0,150.0,119.77705980046167,10.973274999741989,782.860141999663,0.0
1774769789,55,,Aggregated,1.700000,0.000000,150,170,180,190,220,250,260,280,780,780,780,437,0,150.0,119.8615815835268,10.973274999741989,782.860141999663,0.0
1774769790,55,,Aggregated,1.900000,0.000000,150,170,180,190,220,250,260,280,780,780,780,439,0,150.0,119.40533851936539,10.973274999741989,782.860141999663,0.0
1774769791,55,,Aggregated,1.400000,0.000000,150,170,180,190,220,250,260,280,780,780,780,441,0,150.0,119.34197087982105,10.973274999741989,782.860141999663,0.0
1774769792,55,,Aggregated,1.600000,0.000000,150,170,180,190,220,250,260,280,780,780,780,445,0,150.0,119.0774376943869,10.973274999741989,782.860141999663,0.0
1774769793,55,,Aggregated,1.600000,0.000000,150,170,180,190,220,250,260,280,780,780,780,447,0,150.0,118.94169321700731,10.973274999741989,782.860141999663,0.0
1774769794,55,,Aggregated,1.600000,0.000000,150,170,180,190,220,250,260,280,780,780,780,450,0,150.0,118.64582969111628,10.973274999741989,782.860141999663,0.0
1774769795,55,,Aggregated,2.100000,0.000000,150,170,180,190,220,250,260,280,780,780,780,453,0,150.0,118.9381700485735,10.973274999741989,782.860141999663,0.0
1774769796,55,,Aggregated,2.100000,0.000000,150,170,180,190,220,250,260,280,780,780,780,453,0,150.0,118.9381700485735,10.973274999741989,782.860141999663,0.0
1774769797,55,,Aggregated,2.300000,0.000000,150,170,180,190,220,250,260,280,780,780,780,454,0,150.0,118.71951229956805,10.973274999741989,782.860141999663,0.0
1774769798,55,,Aggregated,2.400000,0.000000,150,170,180,190,220,250,260,280,780,780,780,455,0,150.0,118.85448901539348,10.973274999741989,782.860141999663,0.0
1774769799,55,,Aggregated,2.400000,0.000000,150,170,180,190,220,250,260,280,780,780,780,455,0,150.0,118.85448901539348,10.973274999741989,782.860141999663,0.0
1774769800,55,,Aggregated,1.900000,0.000000,150,170,180,190,220,250,260,280,780,780,780,456,0,150.0,118.61850047369228,10.973274999741989,782.860141999663,0.0
1774769801,55,,Aggregated,1.900000,0.000000,150,170,180,190,220,250,260,280,780,780,780,456,0,150.0,118.61850047369228,10.973274999741989,782.860141999663,0.0
1774769802,55,,Aggregated,1.800000,0.000000,150,170,180,190,220,250,260,280,780,780,780,457,0,150.0,118.7765130744063,10.973274999741989,782.860141999663,0.0
1774769803,55,,Aggregated,1.600000,0.000000,150,170,180,190,220,250,260,280,780,780,780,459,0,150.0,118.68622622440692,10.973274999741989,782.860141999663,0.0
1774769804,55,,Aggregated,1.600000,0.000000,150,170,180,190,220,250,260,280,780,780,780,459,0,150.0,118.68622622440692,10.973274999741989,782.860141999663,0.0
1774769805,55,,Aggregated,1.200000,0.000000,150,170,180,190,220,240,260,280,780,780,780,461,0,150.0,118.24831624078702,10.973274999741989,782.860141999663,0.0
1774769806,55,,Aggregated,0.900000,0.000000,150,170,180,190,220,240,260,280,780,780,780,465,0,150.0,117.36041663011306,10.973274999741989,782.860141999663,0.0
1774769807,55,,Aggregated,0.700000,0.000000,150,170,180,190,220,240,260,280,780,780,780,470,0,150.0,117.65116801277358,10.973274999741989,782.860141999663,0.0
1774769808,55,,Aggregated,1.100000,0.000000,150,170,180,190,210,240,260,280,780,780,780,474,0,150.0,117.80062058861338,10.973274999741989,782.860141999663,0.0
1774769809,55,,Aggregated,1.300000,0.000000,150,170,180,190,210,240,260,280,780,780,780,476,0,150.0,117.69831743488014,10.973274999741989,782.860141999663,0.0
1774769810,55,,Aggregated,1.700000,0.000000,150,170,180,190,210,240,260,280,780,780,780,477,0,150.0,117.82557203145306,10.973274999741989,782.860141999663,0.0
1774769811,55,,Aggregated,1.900000,0.000000,150,170,180,190,210,240,260,280,780,780,780,478,0,150.0,117.61352078034088,10.973274999741989,782.860141999663,0.0
1774769812,55,,Aggregated,2.100000,0.000000,150,170,180,190,210,240,260,280,780,780,780,480,0,150.0,117.18036296250602,10.873584999899322,782.860141999663,0.0
1774769813,55,,Aggregated,2.100000,0.000000,150,170,180,190,210,240,260,280,780,780,780,483,0,150.0,117.27463356729642,10.873584999899322,782.860141999663,0.0
1774769814,55,,Aggregated,2.200000,0.000000,150,170,180,190,210,240,260,280,780,780,780,484,0,150.0,117.07426255785991,10.873584999899322,782.860141999663,0.0
1774769815,55,,Aggregated,2.400000,0.000000,150,170,180,190,210,240,260,280,780,780,780,489,0,150.0,116.78726061146058,10.873584999899322,782.860141999663,0.0
1774769816,55,,Aggregated,2.400000,0.000000,150,170,180,190,210,240,260,280,780,780,780,494,0,150.0,116.9859595425172,10.873584999899322,782.860141999663,0.0
1774769817,55,,Aggregated,2.400000,0.000000,150,170,180,190,210,240,260,280,780,780,780,496,0,150.0,117.11470055242458,10.873584999899322,782.860141999663,0.0
1774769818,55,,Aggregated,2.500000,0.000000,150,170,180,190,210,240,260,280,780,780,780,498,0,150.0,117.02431600602964,10.873584999899322,782.860141999663,0.0
1774769819,55,,Aggregated,2.900000,0.000000,150,170,180,190,210,240,260,280,780,780,780,501,0,150.0,116.7653963792457,10.873584999899322,782.860141999663,0.0
1774769820,55,,Aggregated,2.500000,0.000000,150,170,180,190,210,240,260,280,780,780,780,504,0,150.0,116.19849576389076,10.873584999899322,782.860141999663,0.0
1774769821,55,,Aggregated,2.400000,0.000000,150,170,180,190,210,240,260,280,780,780,780,509,0,150.0,116.65258465422627,10.873584999899322,782.860141999663,0.0
1774769822,55,,Aggregated,2.600000,0.000000,150,170,180,190,210,240,260,280,780,780,780,513,0,150.0,115.86266723002305,10.873584999899322,782.860141999663,0.0
1774769823,55,,Aggregated,2.900000,0.000000,150,170,180,190,210,240,260,280,780,780,780,516,0,150.0,115.56617709302654,10.873584999899322,782.860141999663,0.0
1774769824,55,,Aggregated,3.000000,0.000000,150,170,180,190,210,240,260,280,780,780,780,520,0,150.0,116.01697221923096,10.873584999899322,782.860141999663,0.0
1774769825,55,,Aggregated,3.100000,0.000000,150,170,180,190,210,240,260,280,780,780,780,522,0,150.0,115.94858779501874,10.873584999899322,782.860141999663,0.0
1774769826,55,,Aggregated,3.100000,0.000000,150,170,180,190,210,240,260,280,780,780,780,522,0,150.0,115.94858779501874,10.873584999899322,782.860141999663,0.0
1774769827,55,,Aggregated,3.300000,0.000000,150,170,180,190,210,240,260,280,780,780,780,523,0,150.0,116.0262918833645,10.873584999899322,782.860141999663,0.0
1774769828,55,,Aggregated,3.300000,0.000000,150,170,180,190,210,240,260,280,780,780,780,523,0,150.0,116.0262918833645,10.873584999899322,782.860141999663,0.0
1774769829,55,,Aggregated,3.300000,0.000000,150,170,180,190,210,240,260,280,780,780,780,523,0,150.0,116.0262918833645,10.873584999899322,782.860141999663,0.0
1774769830,55,,Aggregated,2.600000,0.000000,150,170,180,190,210,240,260,280,780,780,780,526,0,150.0,115.45317025475153,10.873584999899322,782.860141999663,0.0
1774769831,55,,Aggregated,2.500000,0.000000,150,170,180,190,210,240,260,280,780,780,780,528,0,150.0,115.39668269128614,10.873584999899322,782.860141999663,0.0
1774769832,55,,Aggregated,2.100000,0.000000,150,170,180,190,210,240,260,280,780,780,780,533,0,150.0,115.52233874859039,10.873584999899322,782.860141999663,0.0
1774769833,55,,Aggregated,2.100000,0.000000,150,170,180,190,210,240,260,280,780,780,780,535,0,150.0,115.71022005981126,10.873584999899322,782.860141999663,0.0
1774769834,55,,Aggregated,2.100000,0.000000,150,170,180,190,210,240,260,280,780,780,780,535,0,150.0,115.71022005981126,10.873584999899322,782.860141999663,0.0
1774769835,55,,Aggregated,2.100000,0.000000,150,170,180,190,210,240,260,280,780,780,780,537,0,150.0,115.33602939478449,10.873584999899322,782.860141999663,0.0
1774769836,55,,Aggregated,1.700000,0.000000,150,170,180,190,210,240,260,280,780,780,780,539,0,150.0,115.27528374211288,10.873584999899322,782.860141999663,0.0
1774769837,55,,Aggregated,1.500000,0.000000,150,170,180,190,210,240,260,280,780,780,780,541,0,150.0,115.24863421811305,10.873584999899322,782.860141999663,0.0
1774769838,55,,Aggregated,1.500000,0.000000,150,170,180,190,210,240,260,280,780,780,780,543,0,150.0,115.1620381841598,10.873584999899322,782.860141999663,0.0
1774769839,55,,Aggregated,1.800000,0.000000,150,170,180,190,210,240,260,280,780,780,780,546,0,150.0,115.14326321428385,10.873584999899322,782.860141999663,0.0
1774769840,55,,Aggregated,1.800000,0.000000,150,170,180,190,210,240,260,280,780,780,780,547,0,150.0,114.96739036014519,10.873584999899322,782.860141999663,0.0
1774769841,55,,Aggregated,2.100000,0.000000,150,170,180,190,210,240,260,280,780,780,780,550,0,150.0,115.07362718908884,10.873584999899322,782.860141999663,0.0
1774769842,55,,Aggregated,2.400000,0.000000,150,170,180,190,210,240,260,280,780,780,780,551,0,150.0,114.89374714518753,10.873584999899322,782.860141999663,0.0
1774769843,55,,Aggregated,2.100000,0.000000,150,170,180,190,210,240,260,280,780,780,780,554,0,150.0,114.86478994404011,10.873584999899322,782.860141999663,0.0
1774769844,55,,Aggregated,2.100000,0.000000,150,170,180,190,210,240,260,280,780,780,780,556,0,150.0,114.81536760071623,10.873584999899322,782.860141999663,0.0
1774769845,55,,Aggregated,1.900000,0.000000,150,170,180,190,210,240,260,280,780,780,780,560,0,150.0,114.4604806410663,10.873584999899322,782.860141999663,0.0
1774769846,55,,Aggregated,2.100000,0.000000,150,170,180,190,210,240,260,280,780,780,780,564,0,150.0,114.30951655496118,10.873584999899322,782.860141999663,0.0
1774769847,55,,Aggregated,2.400000,0.000000,150,170,180,190,210,240,260,280,780,780,780,568,0,150.0,114.54549166901063,10.873584999899322,782.860141999663,0.0
1774769848,55,,Aggregated,2.500000,0.000000,150,170,180,190,210,240,260,280,780,780,780,570,0,150.0,114.48804196490943,10.873584999899322,782.860141999663,0.0
1774769849,55,,Aggregated,2.600000,0.000000,150,170,180,190,200,240,260,280,780,780,780,572,0,150.0,114.4688210104861,10.873584999899322,782.860141999663,0.0
1774769850,55,,Aggregated,2.700000,0.000000,150,170,180,190,200,240,260,280,780,780,780,574,0,150.0,114.44043495818578,10.873584999899322,782.860141999663,0.0
1774769851,55,,Aggregated,2.700000,0.000000,150,170,180,190,200,240,260,280,780,780,780,576,0,150.0,114.33758500520555,10.873584999899322,782.860141999663,0.0
1774769852,55,,Aggregated,2.600000,0.000000,150,170,180,190,200,240,260,280,780,780,780,577,0,150.0,114.45235985441535,10.873584999899322,782.860141999663,0.0
1774769853,55,,Aggregated,2.800000,0.000000,150,170,180,190,200,240,260,280,780,780,780,579,0,150.0,114.35776921243124,10.873584999899322,782.860141999663,0.0
1774769854,55,,Aggregated,2.700000,0.000000,150,170,180,190,200,240,260,280,780,780,780,583,0,150.0,113.71712317323974,10.873584999899322,782.860141999663,0.0
1774769855,55,,Aggregated,2.600000,0.000000,150,170,180,190,200,240,260,280,780,780,780,586,0,150.0,113.76174204607189,10.873584999899322,782.860141999663,0.0
1774769856,55,,Aggregated,2.400000,0.000000,150,170,180,190,200,240,260,280,780,780,780,589,0,150.0,114.05414591510932,10.873584999899322,782.860141999663,0.0
1774769857,55,,Aggregated,2.400000,0.000000,150,170,180,190,200,240,260,280,780,780,780,592,0,150.0,113.59005895607997,10.873584999899322,782.860141999663,0.0
1774769858,55,,Aggregated,2.400000,0.000000,150,170,180,190,200,240,260,280,780,780,780,597,0,150.0,113.59331126465683,10.873584999899322,782.860141999663,0.0
1774769859,55,,Aggregated,2.400000,0.000000,150,170,180,190,200,240,260,280,780,780,780,598,0,150.0,113.71585744983231,10.873584999899322,782.860141999663,0.0
1774769860,55,,Aggregated,2.500000,0.000000,150,170,180,190,200,240,260,280,780,780,780,599,0,150.0,113.85808349248734,10.873584999899322,782.860141999663,0.0
1774769861,55,,Aggregated,2.700000,0.000000,150,170,180,190,200,240,260,280,780,780,780,600,0,150.0,113.69942146666592,10.873584999899322,782.860141999663,0.0
1774769862,55,,Aggregated,2.500000,0.000000,150,170,180,190,200,230,260,260,780,780,780,604,0,150.0,113.31869031622296,10.873584999899322,782.860141999663,0.0
1774769863,55,,Aggregated,2.300000,0.000000,150,170,180,190,200,230,260,260,780,780,780,606,0,150.0,113.51323471121954,10.873584999899322,782.860141999663,0.0
1774769864,55,,Aggregated,2.300000,0.000000,150,170,180,190,200,230,260,260,780,780,780,607,0,150.0,113.59975372981663,10.873584999899322,782.860141999663,0.0
1774769865,55,,Aggregated,2.300000,0.000000,150,170,180,190,200,230,260,260,780,780,780,607,0,150.0,113.59975372981663,10.873584999899322,782.860141999663,0.0
1774769866,55,,Aggregated,2.600000,0.000000,150,170,180,190,200,230,260,260,780,780,780,608,0,150.0,113.44630544078734,10.873584999899322,782.860141999663,0.0
1774769867,55,,Aggregated,2.300000,0.000000,150,170,180,190,200,230,260,260,780,780,780,610,0,150.0,113.37215296885081,10.873584999899322,782.860141999663,0.0
1774769868,55,,Aggregated,2.200000,0.000000,150,170,180,190,200,230,260,260,780,780,780,612,0,150.0,113.05583110457324,10.873584999899322,782.860141999663,0.0
1774769869,55,,Aggregated,2.200000,0.000000,150,170,180,190,200,230,260,260,780,780,780,613,0,150.0,113.19121547960695,10.873584999899322,782.860141999663,0.0
1774769870,55,,Aggregated,1.800000,0.000000,150,170,180,190,200,230,260,260,780,780,780,620,0,150.0,112.71212447419028,10.873584999899322,782.860141999663,0.0
1774769871,55,,Aggregated,1.600000,0.000000,150,170,180,190,200,230,260,260,780,780,780,623,0,150.0,112.49618558587132,10.873584999899322,782.860141999663,0.0
1774769872,55,,Aggregated,1.800000,0.000000,150,170,180,190,200,230,260,260,780,780,780,629,0,150.0,113.01238290301676,10.873584999899322,782.860141999663,0.0
1774769873,55,,Aggregated,2.300000,0.000000,150,170,180,190,200,230,260,260,780,780,780,631,0,150.0,112.70200125356132,10.873584999899322,782.860141999663,0.0
1774769874,55,,Aggregated,2.300000,0.000000,150,170,180,190,200,230,260,260,780,780,780,632,0,150.0,112.55033327531143,10.873584999899322,782.860141999663,0.0
1774769875,55,,Aggregated,2.500000,0.000000,150,170,180,190,200,230,260,260,780,780,780,635,0,150.0,112.76861009290892,10.873584999899322,782.860141999663,0.0
1774769876,55,,Aggregated,2.500000,0.000000,150,170,180,190,200,230,260,260,780,780,780,638,0,150.0,112.3345675909047,10.873584999899322,782.860141999663,0.0
1774769877,55,,Aggregated,2.500000,0.000000,150,170,180,190,200,230,260,260,780,780,780,641,0,150.0,112.15386476442504,10.85004000015033,782.860141999663,0.0
1774769878,55,,Aggregated,2.800000,0.000000,150,170,180,190,200,230,260,260,780,780,780,644,0,150.0,112.33965574999601,10.85004000015033,782.860141999663,0.0
1774769879,55,,Aggregated,3.000000,0.000000,150,170,180,190,200,230,260,260,780,780,780,645,0,150.0,112.47034961550017,10.85004000015033,782.860141999663,0.0
1774769880,55,,Aggregated,3.100000,0.000000,150,170,180,190,200,230,260,260,780,780,780,646,0,150.0,112.33034734055373,10.85004000015033,782.860141999663,0.0
1774769881,55,,Aggregated,3.100000,0.000000,150,170,180,190,200,230,260,260,780,780,780,646,0,150.0,112.33034734055373,10.85004000015033,782.860141999663,0.0
1774769882,55,,Aggregated,2.900000,0.000000,150,170,180,190,200,230,260,260,780,780,780,648,0,150.0,112.27968822839152,10.85004000015033,782.860141999663,0.0
1774769883,55,,Aggregated,2.900000,0.000000,150,170,180,190,200,230,260,260,780,780,780,649,0,150.0,112.13535316178373,10.85004000015033,782.860141999663,0.0
1774769884,55,,Aggregated,2.000000,0.000000,150,170,180,190,200,230,260,260,780,780,780,650,0,150.0,112.20024174768835,10.85004000015033,782.860141999663,0.0
1774769885,55,,Aggregated,2.000000,0.000000,150,170,180,190,200,230,260,260,780,780,780,654,0,150.0,111.87414258409164,10.85004000015033,782.860141999663,0.0
1774769886,55,,Aggregated,1.700000,0.000000,150,170,180,190,200,230,260,260,780,780,780,657,0,150.0,111.97875530136449,10.85004000015033,782.860141999663,0.0
1774769887,55,,Aggregated,2.200000,0.000000,150,170,180,190,200,230,260,260,780,780,780,660,0,150.0,111.9738157772686,10.85004000015033,782.860141999663,0.0
1774769888,55,,Aggregated,1.900000,0.000000,150,170,180,190,200,220,260,260,780,780,780,662,0,150.0,111.90391257703463,10.85004000015033,782.860141999663,0.0
1774769889,55,,Aggregated,1.900000,0.000000,150,170,180,190,200,220,260,260,780,780,780,662,0,150.0,111.90391257703463,10.85004000015033,782.860141999663,0.0
1774769890,55,,Aggregated,1.800000,0.000000,150,170,180,190,200,220,260,260,780,780,780,664,0,150.0,111.8200692966822,10.85004000015033,782.860141999663,0.0
1774769891,55,,Aggregated,1.800000,0.000000,150,170,180,180,200,220,260,260,780,780,780,667,0,150.0,111.64672850224389,10.85004000015033,782.860141999663,0.0
1774769892,55,,Aggregated,1.700000,0.000000,150,170,180,180,200,220,260,260,780,780,780,671,0,150.0,111.57062226377958,10.85004000015033,782.860141999663,0.0
1774769893,55,,Aggregated,1.800000,0.000000,150,170,180,180,200,220,260,260,780,780,780,674,0,150.0,111.63264957417664,10.85004000015033,782.860141999663,0.0
1774769894,55,,Aggregated,2.100000,0.000000,150,170,180,180,200,220,260,260,780,780,780,675,0,150.0,111.48947178962166,10.85004000015033,782.860141999663,0.0
1774769895,55,,Aggregated,2.300000,0.000000,150,170,180,180,200,220,260,260,780,780,780,677,0,150.0,111.45510500294598,10.85004000015033,782.860141999663,0.0
1774769896,55,,Aggregated,2.500000,0.000000,150,170,180,180,200,220,260,260,780,780,780,682,0,150.0,111.18839272872894,10.85004000015033,782.860141999663,0.0
1774769897,55,,Aggregated,2.200000,0.000000,150,170,180,180,200,220,260,260,780,780,780,686,0,150.0,111.08945255101068,10.85004000015033,782.860141999663,0.0
1774769898,55,,Aggregated,2.300000,0.000000,150,170,180,180,200,220,260,260,780,780,780,688,0,150.0,111.25965987644338,10.85004000015033,782.860141999663,0.0
1774769899,55,,Aggregated,2.400000,0.000000,150,170,180,180,200,220,260,260,780,780,780,689,0,150.0,111.35084235557736,10.85004000015033,782.860141999663,0.0
1774769900,55,,Aggregated,2.600000,0.000000,150,170,180,180,200,220,260,260,780,780,780,690,0,150.0,111.20693444926596,10.85004000015033,782.860141999663,0.0
1774769901,55,,Aggregated,2.600000,0.000000,150,170,180,180,200,220,260,260,780,780,780,690,0,150.0,111.20693444926596,10.85004000015033,782.860141999663,0.0
1774769902,55,,Aggregated,2.600000,0.000000,150,170,180,180,200,220,260,260,780,780,780,691,0,150.0,111.28582396815362,10.85004000015033,782.860141999663,0.0
1774769903,55,,Aggregated,2.600000,0.000000,150,170,180,180,200,220,260,260,780,780,780,693,0,150.0,111.0223045988374,10.85004000015033,782.860141999663,0.0
1774769904,55,,Aggregated,2.300000,0.000000,150,170,180,180,200,220,260,260,780,780,780,696,0,150.0,110.88415908332557,10.85004000015033,782.860141999663,0.0
1774769905,55,,Aggregated,1.900000,0.000000,150,170,180,180,200,220,260,260,780,780,780,699,0,150.0,110.94536159798977,10.85004000015033,782.860141999663,0.0
1774769906,55,,Aggregated,2.000000,0.000000,150,170,180,180,200,220,260,260,780,780,780,701,0,150.0,110.88532888729748,10.85004000015033,782.860141999663,0.0
1774769907,55,,Aggregated,2.000000,0.000000,150,170,180,180,200,220,260,260,780,780,780,703,0,150.0,110.81534314224153,10.85004000015033,782.860141999663,0.0
1774769908,55,,Aggregated,2.200000,0.000000,150,170,180,180,200,220,260,260,780,780,780,706,0,150.0,110.61367515580316,10.85004000015033,782.860141999663,0.0
1774769909,55,,Aggregated,1.800000,0.000000,150,170,180,180,200,220,260,260,780,780,780,707,0,150.0,110.73348366194794,10.85004000015033,782.860141999663,0.0
1774769910,55,,Aggregated,1.700000,0.000000,150,170,180,180,200,220,260,260,780,780,780,711,0,150.0,110.66418814205034,10.85004000015033,782.860141999663,0.0
1774769911,55,,Aggregated,1.800000,0.000000,150,170,180,180,200,220,260,260,780,780,780,712,0,150.0,110.54565763623269,10.85004000015033,782.860141999663,0.0
1774769912,55,,Aggregated,1.800000,0.000000,150,170,180,180,200,220,260,260,780,780,780,717,0,150.0,110.62580664992473,10.49271099964244,782.860141999663,0.0
1774769913,55,,Aggregated,2.100000,0.000000,150,170,180,180,200,220,260,260,780,780,780,719,0,150.0,110.66389709457033,10.49271099964244,782.860141999663,0.0
1774769914,55,,Aggregated,2.100000,0.000000,150,170,180,180,200,220,260,260,780,780,780,721,0,150.0,110.89588840637391,10.49271099964244,782.860141999663,0.0
1774769915,55,,Aggregated,2.600000,0.000000,150,170,180,180,200,220,260,260,780,780,780,726,0,150.0,110.44629200688169,10.49271099964244,782.860141999663,0.0
1774769916,55,,Aggregated,2.600000,0.000000,150,170,180,180,200,220,260,260,780,780,780,730,0,150.0,110.18011294383216,10.49271099964244,782.860141999663,0.0
1774769917,55,,Aggregated,2.500000,0.000000,150,170,180,180,200,220,260,260,780,780,780,734,0,150.0,110.38113375748834,10.49271099964244,782.860141999663,0.0
1774769918,55,,Aggregated,2.600000,0.000000,150,170,180,180,200,220,260,260,780,780,780,737,0,150.0,110.42163995386335,10.49271099964244,782.860141999663,0.0
1774769919,55,,Aggregated,2.900000,0.000000,150,170,180,180,200,220,260,260,780,780,780,739,0,150.0,110.64132730987518,10.49271099964244,782.860141999663,0.0
1774769920,55,,Aggregated,3.200000,0.000000,150,170,180,180,200,220,260,260,780,780,780,742,0,150.0,110.53396910781301,10.49271099964244,782.860141999663,0.0
1774769921,55,,Aggregated,3.100000,0.000000,150,170,180,180,200,220,260,260,780,780,780,743,0,150.0,110.4234481063227,10.49271099964244,782.860141999663,0.0
1774769922,55,,Aggregated,3.300000,0.000000,150,170,180,180,200,220,260,260,780,780,780,747,0,150.0,110.33687693975571,10.49271099964244,782.860141999663,0.0
1774769923,55,,Aggregated,3.100000,0.000000,150,170,180,180,200,220,260,260,780,780,780,750,0,150.0,110.42646214399794,10.49271099964244,782.860141999663,0.0
1774769924,55,,Aggregated,3.100000,0.000000,150,170,180,180,200,220,260,260,780,780,780,753,0,150.0,110.25655966400947,10.49271099964244,782.860141999663,0.0
1774769925,55,,Aggregated,3.100000,0.000000,150,170,180,180,200,220,260,260,780,780,780,754,0,150.0,110.37529203713348,10.49271099964244,782.860141999663,0.0
1774769926,55,,Aggregated,3.100000,0.000000,150,170,180,180,200,220,260,260,780,780,780,756,0,150.0,110.40347049338405,10.49271099964244,782.860141999663,0.0
1774769927,55,,Aggregated,3.100000,0.000000,150,170,180,180,200,220,260,260,780,780,780,756,0,150.0,110.40347049338405,10.49271099964244,782.860141999663,0.0
1774769928,55,,Aggregated,2.800000,0.000000,150,170,180,180,200,220,260,260,780,780,780,758,0,150.0,110.3938900949859,10.49271099964244,782.860141999663,0.0
1774769929,55,,Aggregated,2.600000,0.000000,150,170,180,180,200,220,260,260,780,780,780,760,0,150.0,110.31440606052577,10.49271099964244,782.860141999663,0.0
1774769930,55,,Aggregated,2.200000,0.000000,150,170,180,180,200,220,260,260,780,780,780,763,0,150.0,109.94051465268548,10.49271099964244,782.860141999663,0.0
1774769931,55,,Aggregated,2.100000,0.000000,150,170,180,180,200,220,260,260,780,780,780,765,0,150.0,110.10179239346222,10.49271099964244,782.860141999663,0.0
1774769932,55,,Aggregated,2.000000,0.000000,150,170,180,180,200,220,260,260,780,780,780,769,0,150.0,109.94350327438032,10.49271099964244,782.860141999663,0.0
1774769933,55,,Aggregated,2.200000,0.000000,150,170,180,180,200,220,260,260,780,780,780,771,0,150.0,110.06939187807829,10.49271099964244,782.860141999663,0.0
1774769934,55,,Aggregated,2.400000,0.000000,150,170,180,180,200,220,260,260,780,780,780,772,0,150.0,109.94132278626824,10.49271099964244,782.860141999663,0.0
1774769935,55,,Aggregated,2.200000,0.000000,150,170,180,180,200,220,260,260,780,780,780,773,0,150.0,109.81340846312949,10.49271099964244,782.860141999663,0.0
1774769936,55,,Aggregated,2.000000,0.000000,150,170,180,180,200,220,260,260,780,780,780,774,0,150.0,109.91631449224684,10.49271099964244,782.860141999663,0.0
1774769937,55,,Aggregated,1.800000,0.000000,150,170,180,180,200,220,260,260,780,780,780,775,0,150.0,109.97173747612727,10.49271099964244,782.860141999663,0.0
1774769938,55,,Aggregated,1.800000,0.000000,150,170,180,180,200,220,260,260,780,780,780,775,0,150.0,109.97173747612727,10.49271099964244,782.860141999663,0.0
1774769939,55,,Aggregated,1.800000,0.000000,150,170,180,180,200,220,260,260,780,780,780,776,0,150.0,109.85528759664771,10.49271099964244,782.860141999663,0.0
1774769940,55,,Aggregated,1.800000,0.000000,150,170,180,180,200,220,260,260,780,780,780,777,0,150.0,109.72911178506934,10.49271099964244,782.860141999663,0.0
1774769941,55,,Aggregated,1.700000,0.000000,150,170,180,180,200,220,260,260,780,780,780,780,0,150.0,109.78992562179258,10.49271099964244,782.860141999663,0.0
1774769942,55,,Aggregated,1.700000,0.000000,150,170,180,180,200,220,260,260,780,780,780,784,0,150.0,109.52211256122098,10.49271099964244,782.860141999663,0.0
1774769943,55,,Aggregated,1.300000,0.000000,150,170,180,180,200,220,260,260,780,780,780,787,0,150.0,109.55477943201709,10.49271099964244,782.860141999663,0.0
1774769944,55,,Aggregated,1.300000,0.000000,150,170,180,180,200,220,260,260,780,780,780,789,0,150.0,109.71359574144249,10.49271099964244,782.860141999663,0.0
1774769945,55,,Aggregated,1.500000,0.000000,150,170,180,180,200,220,260,260,780,780,780,792,0,150.0,109.3627949090876,10.49271099964244,782.860141999663,0.0
1774769946,55,,Aggregated,1.600000,0.000000,150,170,180,180,200,220,260,260,780,780,780,794,0,150.0,109.1315160402994,10.49271099964244,782.860141999663,0.0
1774769947,55,,Aggregated,1.800000,0.000000,150,170,180,180,200,220,260,260,780,780,780,797,0,150.0,109.36523466624519,10.49271099964244,782.860141999663,0.0
1774769948,55,,Aggregated,1.900000,0.000000,150,170,180,180,200,220,250,260,780,780,780,801,0,150.0,109.26834695006113,10.49271099964244,782.860141999663,0.0
1774769949,55,,Aggregated,2.000000,0.000000,150,170,180,180,200,220,250,260,780,780,780,802,0,150.0,109.32254429052253,10.49271099964244,782.860141999663,0.0
1774769950,55,,Aggregated,2.300000,0.000000,150,170,180,180,200,220,250,260,780,780,780,805,0,150.0,109.2008688161491,10.49271099964244,782.860141999663,0.0
1774769951,55,,Aggregated,2.600000,0.000000,150,170,180,180,200,220,250,260,780,780,780,807,0,150.0,108.97312630483174,10.49271099964244,782.860141999663,0.0
1774769952,55,,Aggregated,2.500000,0.000000,150,170,180,180,200,220,250,260,780,780,780,812,0,150.0,108.97965481157475,10.49271099964244,782.860141999663,0.0
1774769953,55,,Aggregated,2.800000,0.000000,150,170,180,180,200,220,250,260,780,780,780,815,0,150.0,109.02941864048773,10.49271099964244,782.860141999663,0.0
1774769954,55,,Aggregated,2.700000,0.000000,150,170,180,180,200,220,250,260,780,780,780,817,0,150.0,109.20351026070622,10.49271099964244,782.860141999663,0.0
1774769955,55,,Aggregated,2.700000,0.000000,150,170,180,180,200,220,250,260,780,780,780,817,0,150.0,109.20351026070622,10.49271099964244,782.860141999663,0.0
