request_id,type,ttft_ms,tokens_received,total_ms,error
90,short,299.93581399867253,128,8657.635973999277,
40,short,788.3028690011997,128,8724.037291000059,
47,short,788.6220889995457,128,8724.163201999545,
35,short,789.6275980001519,128,8728.423915999883,
3,short,792.6217210006143,128,8731.685471999299,
37,short,789.5392289992742,128,8728.992443999232,
53,short,787.2942960002547,128,8728.380669999751,
46,short,788.5523290005949,128,8729.276162001042,
34,short,789.5799580001039,128,8730.487548000383,
44,short,788.882962999196,128,8729.928531000041,
95,short,784.9716380005702,128,8726.145924001685,
93,short,784.0674279996165,128,8726.817488999586,
52,short,787.2344450006494,128,8730.854863000786,
2,short,791.6513219988701,128,8735.566997000205,
41,short,788.2959239996126,128,8732.575539999743,
55,short,788.0490820007253,128,8731.820725000944,
43,short,789.1532699995878,128,8733.198440999331,
78,short,951.5050919999339,128,8841.400417000841,
9,short,957.6647859994409,128,8847.674906000975,
60,short,953.8283989986667,128,8843.477348000306,
67,short,953.4652399997867,128,8843.463040999268,
58,short,954.1783609984122,128,8847.524490000069,
6,short,958.864864998759,128,8852.499005999562,
25,short,958.2789560008678,128,8851.04589399998,
65,short,954.8534179994022,128,8847.925377998763,
77,short,954.3654629997036,128,8847.832587000084,
14,short,959.8656550006126,128,8853.592999999819,
85,short,955.5300659994828,128,8848.15689700008,
19,short,961.0333880009421,128,8853.896689000976,
20,short,961.0773990007146,128,8856.284651999886,
61,short,957.5118459997611,128,8852.983257000233,
72,short,956.8151790008415,128,8852.557562000584,
64,short,957.5194609988102,128,8853.581624998696,
70,short,957.1499970006698,128,8853.460725000332,
82,short,956.2729720000789,128,8852.901881000435,
87,short,955.89931700124,128,8852.782494999701,
79,short,956.625675999021,128,8853.758932998971,
71,short,957.2305440015043,128,8854.613210000025,
18,short,961.7475249997369,128,8859.379835999789,
66,short,957.7475229998527,128,8858.186362000197,
74,short,957.3319829996763,128,8858.005678999689,
98,short,176.46978399898217,128,8482.335687000159,
99,short,236.78589100018144,128,8548.345768000218,
102,short,235.01241200028744,128,8547.719305999635,
103,short,234.85358700054348,128,8547.756011999809,
104,short,234.66942500090227,128,8547.760927000127,
105,short,234.5169470008841,128,8547.885322999718,
109,short,230.52758300036658,128,8548.289700000169,
113,short,174.13060499893618,128,8496.22623599862,
114,short,175.27839399917866,128,8496.225200999106,
116,short,174.82741800085932,128,8495.847428999696,
117,short,239.9609429994598,128,8559.789555998577,
118,short,239.6659810001438,128,8559.997872998792,
120,short,241.12646299909102,128,8562.488379999195,
121,short,240.6057010011864,128,8562.45597400084,
122,short,240.31055200066476,128,8562.472509000145,
123,short,239.94044400023995,128,8562.421560000075,
125,short,237.305438000476,128,8560.127587999887,
126,short,237.03378800018982,128,8560.080889999881,
128,short,236.3604909987771,128,8559.707762999096,
130,short,235.77719800050545,128,8559.422685000754,
131,short,235.4953670001123,128,8559.443533000376,
132,short,235.23113800001738,128,8559.39784200018,
133,short,234.95430100047088,128,8559.334436999052,
135,short,231.8613440002082,128,8556.508855001084,
137,short,201.797522000561,128,9189.570305001325,
138,short,195.8411600007821,128,9195.014434000768,
139,short,196.51844399959373,128,9195.015659001001,
140,short,196.78127400038647,128,9195.140743000593,
142,short,196.49718899927393,128,9194.879099999525,
143,short,197.2943260007014,128,9193.743593001273,
144,short,195.362133999879,128,9200.924536000457,
145,short,195.29874799991376,128,9200.988390999555,
150,short,268.5034240003006,128,9278.315093000856,
151,short,268.9260499992088,128,9279.4930630007,
153,short,269.67003699974157,128,9279.430123000566,
154,short,269.63359999899694,128,9279.495586999474,
157,short,270.7151470003737,128,9279.070498001602,
158,short,270.5175909995887,128,9279.11360699909,
159,short,270.32686799975636,128,9279.269467999256,
1,long,792.771939000886,512,35674.2884080013,
91,long,783.5771560003195,512,35670.83460200047,
49,long,787.4404719987069,512,35674.58972900022,
36,long,788.7176840013126,512,35676.059854000414,
92,long,784.8153939994518,512,35671.91933999857,
56,long,787.8713909994985,512,35675.28522499924,
39,long,789.4196740016923,512,35676.94475999997,
48,long,788.8178120010707,512,35676.71404000066,
54,long,787.1977360009623,512,35676.55026600005,
51,long,787.417674999233,512,35677.20717799966,
50,long,788.244246999966,512,35677.724704000866,
42,long,789.2052990009688,512,35678.90907000037,
94,long,783.830078000392,512,35675.17549799959,
38,long,788.3954299995821,512,35680.05606499901,
45,long,788.8725339998928,512,35680.31606899967,
26,long,955.5677080006717,512,35811.83186300041,
28,long,955.518683000264,512,35813.10102600037,
4,long,957.943659999728,512,35815.70720499985,
5,long,957.9377370009752,512,35815.89360600083,
30,long,955.8214069984388,512,35813.886320000165,
22,long,957.2780529997544,512,35815.0798530005,
81,long,952.4006849987927,512,35810.3970989996,
76,long,952.8430310001568,512,35811.007825999695,
89,long,953.0559540016839,512,35810.47803000001,
68,long,954.752677000215,512,35812.369220999244,
73,long,954.4359500014252,512,35814.88380400151,
12,long,959.6318519998022,512,35820.33197800047,
17,long,959.1412789995957,512,35820.11714500004,
59,long,955.4908810005145,512,35816.75312200059,
80,long,954.0636130004714,512,35815.63045800067,
13,long,959.6679479982413,512,35821.44453999899,
57,long,955.7787150006334,512,35817.74543100073,
86,long,953.7592880005832,512,35815.87029900038,
0,long,962.5225390009291,512,35824.901095000314,
83,long,954.1748100000405,512,35816.821852999055,
15,long,961.2410410009034,512,35822.70195100136,
10,long,961.7293020000943,512,35823.3696999996,
62,long,957.2205969998322,512,35819.06569500097,
24,long,960.5508839995309,512,35822.669777000556,
84,long,955.7546180003555,512,35818.061779000345,
88,long,955.4146420014149,512,35817.91521100058,
69,long,956.9429439998203,512,35819.7163549994,
63,long,957.3912729993026,512,35820.437129999846,
33,long,959.9364820005576,512,35823.223731000326,
21,long,961.1824650000926,512,35824.678806999145,
23,long,961.0138289990573,512,35824.703288999444,
29,long,960.632225000154,512,35824.56675499998,
16,long,961.7742020000151,512,35825.97274699947,
11,long,962.3332640003355,512,35826.73400500062,
32,long,960.3963080007816,512,35824.99353500134,
27,long,960.9777659989049,512,35825.77225099885,
7,long,962.9292879999412,512,35827.931616999194,
31,long,960.6991319997178,512,35825.978292999935,
8,long,962.9095039999811,512,35828.42983000046,
75,long,957.259619000979,512,35822.95081099983,
161,short,214.16585000042687,128,9648.7406010001,
166,short,220.6968370010145,128,9590.491101000225,
164,short,218.85991099952662,128,9595.667482999488,
165,short,220.06014700127707,128,9597.620377000567,
171,short,216.6995070001576,128,9564.598162000038,
172,short,216.41039600035583,128,9564.683792999858,
173,short,215.94518600068113,128,9565.423529000327,
96,long,198.58475500041095,512,35479.7796820003,
97,long,176.65418999968097,512,35482.63371199937,
100,long,236.5751690012985,512,35545.57776500042,
101,long,236.19462300121086,512,35548.57506300141,
177,short,235.61880300076155,128,8602.813389999937,
178,short,235.43551900002058,128,8602.838580000025,
181,short,237.7616100002342,128,8602.278996000678,
106,long,234.48362800081668,512,35548.92560600092,
185,short,234.1618809987267,128,8601.984004999395,
107,long,233.35689099985757,512,35549.42818300151,
186,short,235.21117599921126,128,8602.445870999873,
108,long,230.81583400016825,512,35549.836870000945,
189,short,231.32086099940352,128,8602.12949400011,
110,long,231.89875100069912,512,35549.98886999965,
111,long,231.79653900115227,512,35554.220252999585,
190,short,234.8797070008004,128,8606.886706000296,
112,long,231.64852100126154,512,35554.55171799986,
183,short,233.64960199978668,128,8611.02050899899,
115,long,175.126869999076,512,35490.42570100028,
191,short,231.41872499945748,128,8584.390762998737,
119,long,241.43640300098923,512,35549.262943999565,
124,long,239.6926710007392,512,35547.93367000093,
127,long,236.72961900047085,512,35545.41828299989,
129,long,236.10655500124267,512,35545.05340200012,
134,long,234.69429899887473,512,35544.11762199925,
136,long,230.73810799905914,512,35541.366251,
196,short,403.3375769995473,128,8780.531113998222,
197,short,403.1395540005178,128,8780.923306001569,
231,short,171.46725299971877,128,8550.152469999375,
199,short,405.0439689999621,128,8783.047797000108,
201,short,402.0229460002156,128,8780.37034800036,
205,short,400.89145099955203,128,8779.590644999189,
206,short,400.69128300092416,128,8779.754119001154,
207,short,400.5038070008595,128,8779.804559000695,
210,short,399.83031200063124,128,8781.949001000612,
211,short,399.6363679998467,128,8782.080434999443,
214,short,398.96146899991436,128,8781.685521998952,
215,short,398.777180000252,128,8781.888519999484,
219,short,397.81073199992534,128,8781.278245000067,
220,short,397.60584400028165,128,8781.399090999912,
223,short,396.88981200015405,128,8781.109542000195,
224,short,396.6901820003841,128,8781.178986999294,
225,short,396.4967859992612,128,8781.228415999067,
226,short,396.3039860009303,128,8781.266666001102,
229,short,395.59053700031654,128,8780.781777000811,
230,short,395.58847800071817,128,8780.890259000444,
235,short,192.00780900064274,128,8606.752085999688,
237,short,191.35205400016275,128,8605.799681999997,
239,short,189.43962500088674,128,8836.19242900022,
241,short,182.21514099968772,128,8841.25340799983,
243,short,178.7924070013105,128,8841.091229000085,
141,long,196.72483000067587,512,35841.9967509999,
146,long,195.5858140008786,512,35841.739147001135,
255,short,246.96265199963818,128,8898.649622000448,
257,short,197.5937220013293,128,8859.01270100112,
147,long,193.94130599903292,512,35846.68102199976,
148,long,193.53904200033867,512,35846.521884999675,
258,short,198.38874899869552,128,8857.28429899973,
260,short,203.67423300012888,128,8859.523134000483,
262,short,204.4551599992701,128,8859.198946998731,
149,long,267.4733700005163,512,35908.25619300085,
152,long,269.5475489999808,512,35910.645751999255,
155,long,271.2861959989823,512,35914.54195000006,
156,long,270.98479100095574,512,35914.52680400107,
160,long,270.1214759999857,512,35913.935881000725,
265,short,192.85288299943204,128,8860.932593999678,
266,short,191.95203300114372,128,8860.487424000894,
270,short,265.88204500149004,128,8927.352669001266,
271,short,265.6455520009331,128,8927.545017000739,
273,short,262.60123000065505,128,8924.760560999857,
278,short,261.3200180003332,128,8923.325309000575,
279,short,261.34793300116144,128,8923.319502000595,
280,short,261.12141299927316,128,8923.293140000169,
281,short,260.8994860001985,128,8923.363721998612,
162,long,216.4702549998765,512,36014.4970049987,
288,short,202.39479500014568,128,9368.948534000083,
163,long,219.24211099940294,512,36016.131331,
289,short,203.3485500014649,128,9368.62659200051,
167,long,218.90960400014592,512,36016.907651999645,
168,long,218.5158180000144,512,36016.55612700051,
292,short,200.2552639987698,128,9375.33334499858,
294,short,200.41119099914795,128,9374.791135998748,
296,short,199.96035899930575,128,9373.178727999402,
298,short,204.99089999975695,128,9382.698752999204,
169,long,218.76821300065785,512,36014.19657900078,
170,long,217.27332199952798,512,36012.71155299946,
300,short,198.30471400018723,128,9376.529836999907,
174,long,215.685968998514,512,36011.16321399968,
175,long,215.3155180003523,512,36010.81264499953,
302,short,198.78708699980052,128,9375.888421000127,
307,short,209.73976400091487,128,9377.043016000243,
308,short,209.43294200151286,128,9376.478670001234,
309,short,209.17157400072028,128,9376.219220001076,
176,long,180.41191500014975,512,35086.35623199916,
188,long,231.33083199900284,512,35146.97549899938,
184,long,234.2755270001362,512,35150.15605299959,
179,long,237.75831399871095,512,35152.4247139987,
180,long,237.5041160012188,512,35152.09480500016,
187,long,237.10639099954278,512,35150.00576299826,
182,long,239.37966400080768,512,35152.19992399943,
200,long,404.85194999928353,512,35343.742808998286,
192,long,404.51028299867176,512,35347.220706998996,
222,long,397.1566910004185,512,35335.75377499983,
202,long,401.77665300143417,512,35341.565780001474,
212,long,399.4486599985976,512,35338.77848599877,
193,long,404.1719649994775,512,35347.03538299982,
194,long,403.8999389995297,512,35346.780744999705,
195,long,403.6332850009785,512,35346.53202700065,
203,long,401.5009930008091,512,35342.576968001595,
204,long,401.2167130003945,512,35342.35399000136,
213,long,399.2365519989107,512,35339.893160999054,
198,long,402.9688660011743,512,35347.48713100089,
216,long,398.58577300037723,512,35339.70426800079,
227,long,396.1045189989818,512,35336.692689999836,
208,long,400.35598299982667,512,35342.1126760004,
217,long,398.3156129997951,512,35339.64688999913,
209,long,400.08327499890584,512,35341.92881099989,
228,long,395.82865000011225,512,35336.61105600004,
218,long,398.0446599998686,512,35339.57878399997,
221,long,397.4148840006819,512,35339.11651600101,
232,long,194.89270999838482,512,35144.984956999906,
233,long,189.64531799974793,512,35142.51514100033,
234,long,187.47496799915098,512,35140.42296600019,
236,long,191.66274499912106,512,35121.46085099994,
238,long,198.7982999999076,512,33959.04473799965,
242,long,179.12566999984847,512,33935.876122999616,
240,long,185.5695989997912,512,33940.63900100082,
249,long,253.29518599937728,512,33989.537108998775,
250,long,252.95305699910386,512,33989.24786399948,
246,long,254.6187829993869,512,33991.36294199889,
256,long,196.4220509998995,512,33935.86144400069,
247,long,254.20073399982357,512,33991.669211000044,
251,long,252.50466999932542,512,33989.723669999876,
248,long,253.80507199952262,512,33991.588552000394,
244,long,255.70018400139816,512,33993.84755100073,
252,long,247.98119899969606,512,33985.52011399988,
253,long,247.63535499914724,512,33985.213912999825,
254,long,247.31148800128722,512,33984.99429700132,
245,long,255.1084210008412,512,33993.51348200071,
261,long,203.88578700112703,512,33912.84888800146,
259,long,203.34064900089288,512,33914.54830400107,
263,long,197.34042100026272,512,33912.88348400121,
264,long,193.43623699933232,512,33859.45784999967,
268,long,266.59359199948085,512,33901.94143400004,
274,long,262.33864200003154,512,33897.50852199904,
269,long,266.24408200041216,512,33902.16951799994,
275,long,261.94808799846214,512,33897.4124389988,
282,long,260.66820899904997,512,33895.05741399989,
276,long,262.0355749986629,512,33897.54224299941,
267,long,266.9394710010238,512,33904.099202,
283,long,260.3939029995672,512,33894.980269998996,
272,long,262.9006740007753,512,33899.49358100057,
277,long,261.7037090003578,512,33897.34939700065,
284,long,183.35548600043694,512,33767.377542999384,
285,long,182.7499129994976,512,33766.607904999546,
286,long,212.46687199891312,512,29861.84141599915,
287,long,201.99115899958997,512,29821.738435999578,
291,long,201.2267210011487,512,29788.970466001047,
290,long,201.7286629998125,512,29793.000247000236,
297,long,199.6538139992481,512,29749.222401000225,
295,long,202.70510900081717,512,29753.87668700023,
293,long,200.72778500070854,512,29754.68949199967,
301,long,198.01867800015316,512,29710.396402000697,
299,long,202.85717899969313,512,29715.896420999343,
304,long,202.6008640004875,512,29645.572400000674,
303,long,203.03885500106844,512,29646.18893199986,
306,long,210.05134500046552,512,29603.393407000112,
311,long,208.65892800065922,512,29600.99018300025,
305,long,210.46663000015542,512,29604.131796999354,
310,long,208.94728600069357,512,29601.449374000367,
